,year,subjects,count,total,percentage
0,1779,American Revolution,2,43,5.0
1,1779,European Alliances,1,43,2.0
2,1779,Health and Illness,1,43,2.0
3,1779,International,14,43,33.0
4,1779,Privateering,1,43,2.0
5,1779,Recreation,8,43,19.0
6,1779,Religion,2,43,5.0
7,1779,Travel and Touring,14,43,33.0
8,1780,American Revolution,1,54,2.0
9,1780,International,19,54,35.0
10,1780,Recreation,7,54,13.0
11,1780,Religion,8,54,15.0
12,1780,Travel and Touring,19,54,35.0
13,1781,American Revolution,3,58,5.0
14,1781,International,23,58,40.0
15,1781,Recreation,3,58,5.0
16,1781,Religion,6,58,10.0
17,1781,Travel and Touring,23,58,40.0
18,1782,American Revolution,1,72,1.0
19,1782,Health and Illness,6,72,8.0
20,1782,International,15,72,21.0
21,1782,Recreation,31,72,43.0
22,1782,Religion,4,72,6.0
23,1782,Travel and Touring,15,72,21.0
24,1783,Commerce,1,144,1.0
25,1783,Health and Illness,1,144,1.0
26,1783,International,54,144,38.0
27,1783,Recreation,33,144,23.0
28,1783,Religion,1,144,1.0
29,1783,Travel and Touring,54,144,38.0
30,1784,Recreation,3,3,100.0
31,1785,African Americans,1,126,1.0
32,1785,American Revolution,2,126,2.0
33,1785,Barbary Wars,1,126,1.0
34,1785,Continental Congress,2,126,2.0
35,1785,Family Relations (Adams Family),6,126,5.0
36,1785,Family Residences (Adams Family),2,126,2.0
37,1785,Health and Illness,12,126,10.0
38,1785,International,20,126,16.0
39,1785,Loyalists,1,126,1.0
40,1785,Recreation,33,126,26.0
41,1785,Religion,25,126,20.0
42,1785,Slavery and Enslaved Persons,1,126,1.0
43,1785,Travel and Touring,20,126,16.0
44,1786,American Revolution,3,105,3.0
45,1786,Dueling,1,105,1.0
46,1786,Family Relations (Adams Family),1,105,1.0
47,1786,Health and Illness,8,105,8.0
48,1786,Native Americans,1,105,1.0
49,1786,Recreation,23,105,22.0
50,1786,Religion,52,105,50.0
51,1786,Shays's Rebellion,16,105,15.0
52,1787,African Americans,1,108,1.0
53,1787,Family Relations (Adams Family),1,108,1.0
54,1787,Health and Illness,8,108,7.000000000000001
55,1787,Loyalists,1,108,1.0
56,1787,Recreation,35,108,32.0
57,1787,Religion,44,108,41.0
58,1787,Shays's Rebellion,9,108,8.0
59,1787,US Constitution,9,108,8.0
60,1788,American Revolution,2,129,2.0
61,1788,Anti-Federalists,9,129,7.000000000000001
62,1788,Health and Illness,17,129,13.0
63,1788,Loyalists,1,129,1.0
64,1788,Recreation,44,129,34.0
65,1788,Religion,43,129,33.0
66,1788,Shays's Rebellion,2,129,2.0
67,1788,US Constitution,11,129,9.0
68,1789,Health and Illness,1,18,6.0
69,1789,Recreation,16,18,89.0
70,1789,Slave Trade,1,18,6.0
71,1790,Recreation,10,10,100.0
72,1791,Bank of the United States,2,20,10.0
73,1791,Health and Illness,4,20,20.0
74,1791,Recreation,14,20,70.0
75,1792,Health and Illness,8,32,25.0
76,1792,Recreation,24,32,75.0
77,1793,French Revolution,1,15,7.000000000000001
78,1793,Haitian Revolution,1,15,7.000000000000001
79,1793,Native Americans,1,15,7.000000000000001
80,1793,Recreation,12,15,80.0
81,1794,African Americans,2,108,2.0
82,1794,Barbary Wars,1,108,1.0
83,1794,French Revolution,3,108,3.0
84,1794,Health and Illness,1,108,1.0
85,1794,International,25,108,23.0
86,1794,Jay Treaty,2,108,2.0
87,1794,Native Americans,1,108,1.0
88,1794,Recreation,48,108,44.0
89,1794,Travel and Touring,25,108,23.0
90,1795,American Revolution,2,219,1.0
91,1795,Federalist Party,1,219,0.0
92,1795,French Revolution,9,219,4.0
93,1795,Health and Illness,4,219,2.0
94,1795,Jay Treaty,9,219,4.0
95,1795,Native Americans,2,219,1.0
96,1795,Pinckney's Treaty,1,219,0.0
97,1795,Recreation,187,219,85.0
98,1795,Slavery and Enslaved Persons,1,219,0.0
99,1795,Women's Rights,3,219,1.0
100,1796,American Revolution,1,267,0.0
101,1796,Barbary Wars,1,267,0.0
102,1796,Courtship and Marriage of JQA and LCA,15,267,6.0
103,1796,Dueling,1,267,0.0
104,1796,French Revolution,2,267,1.0
105,1796,Health and Illness,5,267,2.0
106,1796,International,1,267,0.0
107,1796,Jay Treaty,2,267,1.0
108,1796,Recreation,238,267,89.0
109,1796,Travel and Touring,1,267,0.0
110,1797,American Revolution,1,257,0.0
111,1797,Commerce,2,257,1.0
112,1797,Court Life and Society,13,257,5.0
113,1797,Courtship and Marriage of JQA and LCA,7,257,3.0
114,1797,Diplomacy,5,257,2.0
115,1797,Elections,1,257,0.0
116,1797,European,13,257,5.0
117,1797,Family Residences (Adams Family),4,257,2.0
118,1797,French Revolution,1,257,0.0
119,1797,Health and Illness,15,257,6.0
120,1797,Industrialization,1,257,0.0
121,1797,International,9,257,4.0
122,1797,Presidential 1796,1,257,0.0
123,1797,Recreation,172,257,67.0
124,1797,Religion,1,257,0.0
125,1797,Steam Power,1,257,0.0
126,1797,Territorial Expansion,1,257,0.0
127,1797,Travel and Touring,9,257,4.0
128,1798,Commerce,1,321,0.0
129,1798,Court Life and Society,47,321,15.0
130,1798,Diplomacy,11,321,3.0
131,1798,European,47,321,15.0
132,1798,Family Residences (Adams Family),3,321,1.0
133,1798,Foreign Relations,8,321,2.0
134,1798,Health and Illness,26,321,8.0
135,1798,International,1,321,0.0
136,1798,Quasi-War,3,321,1.0
137,1798,Recreation,172,321,54.0
138,1798,Travel and Touring,1,321,0.0
139,1798,XYZ Affair,1,321,0.0
140,1799,American Revolution,1,342,0.0
141,1799,Court Life and Society,32,342,9.0
142,1799,Diplomacy,22,342,6.0
143,1799,European,32,342,9.0
144,1799,Health and Illness,17,342,5.0
145,1799,International,26,342,8.0
146,1799,Prussian-American Treaty of Amity and Commerce,23,342,7.000000000000001
147,1799,Recreation,161,342,47.0
148,1799,Religion,2,342,1.0
149,1799,Travel and Touring,26,342,8.0
150,1800,American Revolution,1,284,0.0
151,1800,Convention of 1800,1,284,0.0
152,1800,Court Life and Society,17,284,6.0
153,1800,Diplomacy,5,284,2.0
154,1800,European,17,284,6.0
155,1800,Family Residences (Adams Family),1,284,0.0
156,1800,Health and Illness,39,284,14.000000000000002
157,1800,International,52,284,18.0
158,1800,Recreation,96,284,34.0
159,1800,Textile Industry,3,284,1.0
160,1800,Travel and Touring,52,284,18.0
161,1801,American Revolution,1,239,0.0
162,1801,Court Life and Society,9,239,4.0
163,1801,Diplomacy,6,239,3.0
164,1801,Elections,2,239,1.0
165,1801,European,9,239,4.0
166,1801,Family Finances (Adams Family),10,239,4.0
167,1801,Family Residences (Adams Family),3,239,1.0
168,1801,French Revolution,1,239,0.0
169,1801,Health and Illness,43,239,18.0
170,1801,International,29,239,12.0
171,1801,Presidential 1800,2,239,1.0
172,1801,Recreation,90,239,38.0
173,1801,Religion,5,239,2.0
174,1801,Travel and Touring,29,239,12.0
175,1802,Bank of the United States,1,67,1.0
176,1802,Family Finances (Adams Family),8,67,12.0
177,1802,Family Residences (Adams Family),1,67,1.0
178,1802,Federalist Party,1,67,1.0
179,1802,Health and Illness,17,67,25.0
180,1802,Recreation,38,67,56.99999999999999
181,1802,Slave Trade,1,67,1.0
182,1803,Democratic-Republican Party,3,164,2.0
183,1803,Family Finances (Adams Family),20,164,12.0
184,1803,Family Residences (Adams Family),2,164,1.0
185,1803,Federalist Party,4,164,2.0
186,1803,Health and Illness,20,164,12.0
187,1803,Jay Treaty,1,164,1.0
188,1803,Louisiana Purchase,15,164,9.0
189,1803,Native Americans,3,164,2.0
190,1803,Recreation,49,164,30.0
191,1803,Religion,20,164,12.0
192,1803,Science and Technology,6,164,4.0
193,1803,Supreme Court,1,164,1.0
194,1803,US Constitution,20,164,12.0
195,1804,Democratic-Republican Party,3,99,3.0
196,1804,Dueling,2,99,2.0
197,1804,Family Finances (Adams Family),1,99,1.0
198,1804,Federalist Party,1,99,1.0
199,1804,French Revolution,1,99,1.0
200,1804,Health and Illness,7,99,7.000000000000001
201,1804,Impressment,2,99,2.0
202,1804,Louisiana Purchase,1,99,1.0
203,1804,Native Americans,2,99,2.0
204,1804,Recreation,32,99,32.0
205,1804,Religion,13,99,13.0
206,1804,Slave Trade,7,99,7.000000000000001
207,1804,Supreme Court,17,99,17.0
208,1804,US Constitution,10,99,10.0
209,1805,American Revolution,1,85,1.0
210,1805,Articles of Confederation,1,85,1.0
211,1805,Democratic-Republican Party,3,85,4.0
212,1805,Dueling,1,85,1.0
213,1805,Family Finances (Adams Family),2,85,2.0
214,1805,Family Relations (Adams Family),2,85,2.0
215,1805,Family Residences (Adams Family),5,85,6.0
216,1805,Federalist Party,1,85,1.0
217,1805,Health and Illness,16,85,19.0
218,1805,Internal Improvements,3,85,4.0
219,1805,Jay Treaty,1,85,1.0
220,1805,Native Americans,13,85,15.0
221,1805,Recreation,21,85,25.0
222,1805,Religion,6,85,7.000000000000001
223,1805,Slave Trade,2,85,2.0
224,1805,US Constitution,7,85,8.0
225,1806,African Americans,1,81,1.0
226,1806,Boylston Professor of Rhetoric and Oratory,25,81,31.0
227,1806,Democratic-Republican Party,4,81,5.0
228,1806,Dueling,1,81,1.0
229,1806,Family Residences (Adams Family),4,81,5.0
230,1806,Federalist Party,2,81,2.0
231,1806,Health and Illness,16,81,20.0
232,1806,Louisiana Purchase,1,81,1.0
233,1806,Napoleonic Wars,2,81,2.0
234,1806,Native Americans,5,81,6.0
235,1806,Recreation,13,81,16.0
236,1806,Reform Movements,1,81,1.0
237,1806,Religion,1,81,1.0
238,1806,Slave Trade,1,81,1.0
239,1806,Supreme Court,3,81,4.0
240,1806,US Constitution,1,81,1.0
241,1807,African Americans,1,116,1.0
242,1807,Boylston Professor of Rhetoric and Oratory,16,116,14.000000000000002
243,1807,Chesapeake Affair,4,116,3.0
244,1807,Continental System,2,116,2.0
245,1807,Elections,3,116,3.0
246,1807,Embargo,8,116,7.000000000000001
247,1807,Family Finances (Adams Family),8,116,7.000000000000001
248,1807,Family Relations (Adams Family),2,116,2.0
249,1807,Family Residences (Adams Family),5,116,4.0
250,1807,Federalist Party,1,116,1.0
251,1807,Health and Illness,23,116,20.0
252,1807,Impressment,3,116,3.0
253,1807,Internal Improvements,1,116,1.0
254,1807,Jay Treaty,1,116,1.0
255,1807,Native Americans,1,116,1.0
256,1807,Presidential 1808,3,116,3.0
257,1807,Recreation,21,116,18.0
258,1807,Religion,4,116,3.0
259,1807,Slave Trade,3,116,3.0
260,1807,Supreme Court,4,116,3.0
261,1807,US Constitution,2,116,2.0
262,1808,American Revolution,1,160,1.0
263,1808,Boylston Professor of Rhetoric and Oratory,21,160,13.0
264,1808,Caucus System,2,160,1.0
265,1808,Chesapeake Affair,1,160,1.0
266,1808,Democratic-Republican Party,8,160,5.0
267,1808,Diplomacy,2,160,1.0
268,1808,Dueling,2,160,1.0
269,1808,Elections,12,160,8.0
270,1808,Embargo,22,160,14.000000000000002
271,1808,Essex Junto,1,160,1.0
272,1808,Family Residences (Adams Family),1,160,1.0
273,1808,Federalist Party,9,160,6.0
274,1808,Foreign Relations,3,160,2.0
275,1808,Health and Illness,24,160,15.0
276,1808,Impressment,2,160,1.0
277,1808,Native Americans,9,160,6.0
278,1808,Orders in Council,2,160,1.0
279,1808,Presidential 1808,12,160,8.0
280,1808,Press,1,160,1.0
281,1808,Recreation,14,160,9.0
282,1808,Religion,1,160,1.0
283,1808,Supreme Court,8,160,5.0
284,1808,US Constitution,2,160,1.0
285,1809,African Americans,4,331,1.0
286,1809,American Revolution,3,331,1.0
287,1809,Bank of the United States,1,331,0.0
288,1809,Blockades,4,331,1.0
289,1809,Boylston Professor of Rhetoric and Oratory,17,331,5.0
290,1809,Commerce,2,331,1.0
291,1809,Court Life and Society,16,331,5.0
292,1809,Diplomacy,3,331,1.0
293,1809,Dueling,2,331,1.0
294,1809,Elections,1,331,0.0
295,1809,Embargo,3,331,1.0
296,1809,European,16,331,5.0
297,1809,Family Finances (Adams Family),1,331,0.0
298,1809,Family Residences (Adams Family),8,331,2.0
299,1809,Federalist Party,1,331,0.0
300,1809,French Revolution,1,331,0.0
301,1809,Health and Illness,12,331,4.0
302,1809,Impressment,1,331,0.0
303,1809,International,78,331,24.0
304,1809,Orders in Council,2,331,1.0
305,1809,Presidential 1808,1,331,0.0
306,1809,Recreation,48,331,15.0
307,1809,Religion,1,331,0.0
308,1809,Supreme Court,27,331,8.0
309,1809,Travel and Touring,78,331,24.0
310,1810,African Americans,4,278,1.0
311,1810,American Revolution,2,278,1.0
312,1810,Blockades,5,278,2.0
313,1810,Commerce,19,278,7.000000000000001
314,1810,Continental System,3,278,1.0
315,1810,Court Life and Society,27,278,10.0
316,1810,Diplomacy,19,278,7.000000000000001
317,1810,Embargo,2,278,1.0
318,1810,European,27,278,10.0
319,1810,European Alliances,1,278,0.0
320,1810,Family Finances (Adams Family),1,278,0.0
321,1810,Family Residences (Adams Family),9,278,3.0
322,1810,Foreign Relations,1,278,0.0
323,1810,French Revolution,2,278,1.0
324,1810,Health and Illness,25,278,9.0
325,1810,Industrialization,1,278,0.0
326,1810,Jay Treaty,1,278,0.0
327,1810,Latin American Wars of Independence,1,278,0.0
328,1810,Native Americans,2,278,1.0
329,1810,Privateering,5,278,2.0
330,1810,Recreation,105,278,38.0
331,1810,Religion,14,278,5.0
332,1810,Textile Industry,1,278,0.0
333,1810,US Constitution,1,278,0.0
334,1811,African Americans,8,212,4.0
335,1811,American Revolution,1,212,0.0
336,1811,Boylston Professor of Rhetoric and Oratory,1,212,0.0
337,1811,Commerce,17,212,8.0
338,1811,Continental System,4,212,2.0
339,1811,Court Life and Society,22,212,10.0
340,1811,Diplomacy,5,212,2.0
341,1811,Dueling,1,212,0.0
342,1811,Embargo,1,212,0.0
343,1811,European,22,212,10.0
344,1811,Family Residences (Adams Family),10,212,5.0
345,1811,Federalist Party,1,212,0.0
346,1811,Foreign Relations,2,212,1.0
347,1811,French Revolution,4,212,2.0
348,1811,Health and Illness,41,212,19.0
349,1811,Latin American Wars of Independence,1,212,0.0
350,1811,Louisiana Purchase,1,212,0.0
351,1811,Orders in Council,3,212,1.0
352,1811,Privateering,6,212,3.0
353,1811,Recreation,43,212,20.0
354,1811,Religion,14,212,7.000000000000001
355,1811,Supreme Court,1,212,0.0
356,1811,US Constitution,1,212,0.0
357,1811,War of 1812,2,212,1.0
358,1812,African Americans,6,304,2.0
359,1812,Canals,1,304,0.0
360,1812,Chesapeake Affair,2,304,1.0
361,1812,Commerce,4,304,1.0
362,1812,Continental System,3,304,1.0
363,1812,Court Life and Society,15,304,5.0
364,1812,Diplomacy,2,304,1.0
365,1812,Dueling,2,304,1.0
366,1812,Elections,3,304,1.0
367,1812,Embargo,1,304,0.0
368,1812,European,15,304,5.0
369,1812,European Alliances,5,304,2.0
370,1812,Family Finances (Adams Family),1,304,0.0
371,1812,Family Residences (Adams Family),2,304,1.0
372,1812,Federalist Party,3,304,1.0
373,1812,Foreign Relations,1,304,0.0
374,1812,French Revolution,2,304,1.0
375,1812,Health and Illness,54,304,18.0
376,1812,Impressment,2,304,1.0
377,1812,Latin American Wars of Independence,1,304,0.0
378,1812,Napoleonic Wars,57,304,19.0
379,1812,Native Americans,1,304,0.0
380,1812,Orders in Council,10,304,3.0
381,1812,Presidential 1812,3,304,1.0
382,1812,Privateering,1,304,0.0
383,1812,Recreation,74,304,24.0
384,1812,Religion,5,304,2.0
385,1812,Slave Trade,1,304,0.0
386,1812,Steam Power,1,304,0.0
387,1812,War of 1812,26,304,9.0
388,1813,African Americans,5,296,2.0
389,1813,American Revolution,2,296,1.0
390,1813,Bank of the United States,1,296,0.0
391,1813,Blockades,2,296,1.0
392,1813,Commerce,1,296,0.0
393,1813,Court Life and Society,25,296,8.0
394,1813,Diplomacy,16,296,5.0
395,1813,Dueling,1,296,0.0
396,1813,Elections,2,296,1.0
397,1813,European,25,296,8.0
398,1813,European Alliances,4,296,1.0
399,1813,Family Relations (Adams Family),6,296,2.0
400,1813,Foreign Relations,14,296,5.0
401,1813,French Revolution,3,296,1.0
402,1813,Health and Illness,34,296,11.0
403,1813,Impressment,7,296,2.0
404,1813,Napoleonic Wars,66,296,22.0
405,1813,Native Americans,2,296,1.0
406,1813,Orders in Council,1,296,0.0
407,1813,Presidential 1812,2,296,1.0
408,1813,Privateering,4,296,1.0
409,1813,Recreation,20,296,7.000000000000001
410,1813,Reform Movements,1,296,0.0
411,1813,Religion,13,296,4.0
412,1813,US Constitution,1,296,0.0
413,1813,War of 1812,38,296,13.0
414,1814,African Americans,10,444,2.0
415,1814,American Revolution,3,444,1.0
416,1814,Anglo-American Definitive Peace Treaty,11,444,2.0
417,1814,Blockades,1,444,0.0
418,1814,Commerce,2,444,0.0
419,1814,Court Life and Society,9,444,2.0
420,1814,Diplomacy,70,444,16.0
421,1814,Dueling,1,444,0.0
422,1814,European,9,444,2.0
423,1814,Foreign Relations,20,444,5.0
424,1814,French Revolution,1,444,0.0
425,1814,Hartford Convention,1,444,0.0
426,1814,Health and Illness,9,444,2.0
427,1814,Impressment,10,444,2.0
428,1814,International,30,444,7.000000000000001
429,1814,Jay Treaty,7,444,2.0
430,1814,Louisiana Purchase,2,444,0.0
431,1814,Napoleonic Wars,19,444,4.0
432,1814,Native Americans,22,444,5.0
433,1814,Recreation,95,444,21.0
434,1814,Religion,9,444,2.0
435,1814,Sectionalism,3,444,1.0
436,1814,Slave Trade,10,444,2.0
437,1814,Steam Power,1,444,0.0
438,1814,Travel and Touring,30,444,7.000000000000001
439,1814,Treaty of Ghent,32,444,7.000000000000001
440,1814,US Constitution,1,444,0.0
441,1814,War of 1812,26,444,6.0
442,1815,African Americans,9,332,3.0
443,1815,American Revolution,3,332,1.0
444,1815,Anglo-American Definitive Peace Treaty,2,332,1.0
445,1815,Barbary Wars,10,332,3.0
446,1815,Commerce,10,332,3.0
447,1815,Continental System,1,332,0.0
448,1815,Court Life and Society,12,332,4.0
449,1815,Diplomacy,16,332,5.0
450,1815,Dueling,3,332,1.0
451,1815,European,12,332,4.0
452,1815,Family Residences (Adams Family),5,332,2.0
453,1815,French Revolution,1,332,0.0
454,1815,Hartford Convention,1,332,0.0
455,1815,Health and Illness,42,332,13.0
456,1815,Impressment,7,332,2.0
457,1815,International,12,332,4.0
458,1815,Jay Treaty,3,332,1.0
459,1815,Louisiana Purchase,2,332,1.0
460,1815,Napoleonic Wars,24,332,7.000000000000001
461,1815,Native Americans,5,332,2.0
462,1815,Orders in Council,1,332,0.0
463,1815,Recreation,95,332,28.999999999999996
464,1815,Religion,3,332,1.0
465,1815,Slave Trade,3,332,1.0
466,1815,Travel and Touring,12,332,4.0
467,1815,Treaty of Ghent,20,332,6.0
468,1815,US Constitution,1,332,0.0
469,1815,War of 1812,17,332,5.0
470,1816,African Americans,30,264,11.0
471,1816,American Revolution,4,264,2.0
472,1816,Anglo-American Definitive Peace Treaty,1,264,0.0
473,1816,Bank of the United States,4,264,2.0
474,1816,Barbary Wars,11,264,4.0
475,1816,Boylston Professor of Rhetoric and Oratory,1,264,0.0
476,1816,Commerce,12,264,5.0
477,1816,Court Life and Society,25,264,9.0
478,1816,Diplomacy,11,264,4.0
479,1816,Dueling,1,264,0.0
480,1816,Elections,3,264,1.0
481,1816,European,25,264,9.0
482,1816,Family Finances (Adams Family),2,264,1.0
483,1816,Family Residences (Adams Family),8,264,3.0
484,1816,Foreign Relations,2,264,1.0
485,1816,Health and Illness,19,264,7.000000000000001
486,1816,Impressment,4,264,2.0
487,1816,Jay Treaty,2,264,1.0
488,1816,Latin American Wars of Independence,5,264,2.0
489,1816,Native Americans,5,264,2.0
490,1816,Orders in Council,3,264,1.0
491,1816,Presidential 1816,3,264,1.0
492,1816,Recreation,47,264,18.0
493,1816,Religion,8,264,3.0
494,1816,Sectionalism,1,264,0.0
495,1816,Slave Trade,10,264,4.0
496,1816,Treaty of Ghent,5,264,2.0
497,1816,US Constitution,2,264,1.0
498,1816,Unitarianism,2,264,1.0
499,1816,War of 1812,8,264,3.0
500,1817,Adams-Onis Treaty,4,501,1.0
501,1817,African Americans,5,501,1.0
502,1817,American Revolution,2,501,0.0
503,1817,Anglo-American Definitive Peace Treaty,1,501,0.0
504,1817,Bank of the United States,12,501,2.0
505,1817,Colonization Movements,2,501,0.0
506,1817,Commerce,18,501,4.0
507,1817,Court Life and Society,8,501,2.0
508,1817,Diplomacy,9,501,2.0
509,1817,European,8,501,2.0
510,1817,European Alliances,1,501,0.0
511,1817,Family Finances (Adams Family),14,501,3.0
512,1817,Family Relations (Adams Family),1,501,0.0
513,1817,Family Residences (Adams Family),26,501,5.0
514,1817,Foreign Relations,54,501,11.0
515,1817,French Revolution,1,501,0.0
516,1817,Health and Illness,33,501,7.000000000000001
517,1817,Immigration,6,501,1.0
518,1817,Impressment,2,501,0.0
519,1817,International,52,501,10.0
520,1817,Jay Treaty,1,501,0.0
521,1817,Latin American Wars of Independence,18,501,4.0
522,1817,Louisiana Purchase,1,501,0.0
523,1817,Mexican War of Independence,1,501,0.0
524,1817,Native Americans,9,501,2.0
525,1817,Oregon Country,5,501,1.0
526,1817,Press,4,501,1.0
527,1817,Privateering,11,501,2.0
528,1817,Recreation,87,501,17.0
529,1817,Religion,13,501,3.0
530,1817,Science and Technology,1,501,0.0
531,1817,Sectionalism,1,501,0.0
532,1817,Seminole Wars,2,501,0.0
533,1817,Slave Trade,3,501,1.0
534,1817,Slavery and Enslaved Persons,2,501,0.0
535,1817,Steam Power,3,501,1.0
536,1817,Travel and Touring,52,501,10.0
537,1817,Treaty of Ghent,14,501,3.0
538,1817,US Constitution,1,501,0.0
539,1817,Unitarianism,2,501,0.0
540,1817,Utopian Communities,1,501,0.0
541,1817,War of 1812,9,501,2.0
542,1817,West,1,501,0.0
543,1818,Adams-Onis Treaty,38,927,4.0
544,1818,African Americans,5,927,1.0
545,1818,American Revolution,8,927,1.0
546,1818,Asylum Movement,1,927,0.0
547,1818,Bank of the United States,16,927,2.0
548,1818,Blockades,1,927,0.0
549,1818,Canals,1,927,0.0
550,1818,Colonization Movements,2,927,0.0
551,1818,Commerce,59,927,6.0
552,1818,Convention of 1818,1,927,0.0
553,1818,Democratic-Republican Party,1,927,0.0
554,1818,Dueling,5,927,1.0
555,1818,Elections,4,927,0.0
556,1818,Family Finances (Adams Family),53,927,6.0
557,1818,Family Relations (Adams Family),25,927,3.0
558,1818,Family Residences (Adams Family),14,927,2.0
559,1818,Florida Annexation,20,927,2.0
560,1818,Foreign Relations,138,927,15.0
561,1818,Health and Illness,86,927,9.0
562,1818,Immigration,8,927,1.0
563,1818,Impressment,5,927,1.0
564,1818,Internal Improvements,2,927,0.0
565,1818,Latin American Wars of Independence,37,927,4.0
566,1818,Louisiana Purchase,1,927,0.0
567,1818,Mexican War of Independence,1,927,0.0
568,1818,Native Americans,26,927,3.0
569,1818,Oregon Country,5,927,1.0
570,1818,Panic of 1819,1,927,0.0
571,1818,Presidential 1820,4,927,0.0
572,1818,Press,35,927,4.0
573,1818,Privateering,39,927,4.0
574,1818,Recreation,97,927,10.0
575,1818,Religion,22,927,2.0
576,1818,Roads,9,927,1.0
577,1818,Science and Technology,16,927,2.0
578,1818,Sectionalism,4,927,0.0
579,1818,Seminole Wars,24,927,3.0
580,1818,Slave Trade,7,927,1.0
581,1818,Slavery and Enslaved Persons,6,927,1.0
582,1818,States Rights,2,927,0.0
583,1818,Steam Power,13,927,1.0
584,1818,Supreme Court,6,927,1.0
585,1818,Territorial Expansion,2,927,0.0
586,1818,Textile Industry,1,927,0.0
587,1818,Treaty of Ghent,37,927,4.0
588,1818,US Constitution,15,927,2.0
589,1818,War of 1812,19,927,2.0
590,1818,West,5,927,1.0
591,1819,Adams-Onis Treaty,87,1157,8.0
592,1819,African Americans,11,1157,1.0
593,1819,American Revolution,11,1157,1.0
594,1819,Anti-Slavery Movements,3,1157,0.0
595,1819,Bank of the United States,31,1157,3.0
596,1819,Canals,3,1157,0.0
597,1819,Colonization Movements,11,1157,1.0
598,1819,Commerce,61,1157,5.0
599,1819,Dueling,10,1157,1.0
600,1819,Elections,6,1157,1.0
601,1819,Emancipation,3,1157,0.0
602,1819,Family Finances (Adams Family),64,1157,6.0
603,1819,Family Relations (Adams Family),19,1157,2.0
604,1819,Family Residences (Adams Family),37,1157,3.0
605,1819,Florida Annexation,51,1157,4.0
606,1819,Foreign Relations,121,1157,10.0
607,1819,Health and Illness,65,1157,6.0
608,1819,Immigration,4,1157,0.0
609,1819,Impressment,2,1157,0.0
610,1819,Industrialization,2,1157,0.0
611,1819,Internal Improvements,7,1157,1.0
612,1819,Latin American Wars of Independence,32,1157,3.0
613,1819,Louisiana Purchase,13,1157,1.0
614,1819,Mexican War of Independence,3,1157,0.0
615,1819,Missouri Compromise,4,1157,0.0
616,1819,Native Americans,20,1157,2.0
617,1819,Oregon Country,4,1157,0.0
618,1819,Panic of 1819,21,1157,2.0
619,1819,Presidential 1820,5,1157,0.0
620,1819,Presidential 1824,1,1157,0.0
621,1819,Press,26,1157,2.0
622,1819,Privateering,56,1157,5.0
623,1819,Recreation,76,1157,7.000000000000001
624,1819,Religion,25,1157,2.0
625,1819,Roads,4,1157,0.0
626,1819,Science and Technology,34,1157,3.0
627,1819,Sectionalism,9,1157,1.0
628,1819,Seminole Wars,40,1157,3.0
629,1819,Slave Rebellions,1,1157,0.0
630,1819,Slave Trade,21,1157,2.0
631,1819,Slavery and Enslaved Persons,12,1157,1.0
632,1819,South,3,1157,0.0
633,1819,States Rights,1,1157,0.0
634,1819,Steam Power,6,1157,1.0
635,1819,Suffrage,1,1157,0.0
636,1819,Supreme Court,9,1157,1.0
637,1819,Territorial Expansion,6,1157,1.0
638,1819,Treaty of Ghent,13,1157,1.0
639,1819,US Constitution,49,1157,4.0
640,1819,Utopian Communities,1,1157,0.0
641,1819,War of 1812,22,1157,2.0
642,1819,West,30,1157,3.0
643,1820,Adams-Onis Treaty,52,1054,5.0
644,1820,African Americans,15,1054,1.0
645,1820,American Revolution,18,1054,2.0
646,1820,Anti-Slavery Movements,13,1054,1.0
647,1820,Bank of the United States,12,1054,1.0
648,1820,Canals,1,1054,0.0
649,1820,Caucus System,5,1054,0.0
650,1820,Colonization Movements,2,1054,0.0
651,1820,Commerce,55,1054,5.0
652,1820,Dueling,6,1054,1.0
653,1820,Elections,17,1054,2.0
654,1820,Emancipation,6,1054,1.0
655,1820,Family Finances (Adams Family),39,1054,4.0
656,1820,Family Relations (Adams Family),8,1054,1.0
657,1820,Family Residences (Adams Family),35,1054,3.0
658,1820,Florida Annexation,29,1054,3.0
659,1820,Foreign Relations,101,1054,10.0
660,1820,Fugitive Slave Laws,2,1054,0.0
661,1820,Health and Illness,62,1054,6.0
662,1820,Immigration,7,1054,1.0
663,1820,Impressment,5,1054,0.0
664,1820,Internal Improvements,4,1054,0.0
665,1820,Latin American Wars of Independence,48,1054,5.0
666,1820,Louisiana Purchase,8,1054,1.0
667,1820,Mexican War of Independence,2,1054,0.0
668,1820,Missouri Compromise,48,1054,5.0
669,1820,Native Americans,22,1054,2.0
670,1820,Nullification,1,1054,0.0
671,1820,Panic of 1819,4,1054,0.0
672,1820,Presidential 1812,1,1054,0.0
673,1820,Presidential 1820,9,1054,1.0
674,1820,Presidential 1824,7,1054,1.0
675,1820,Press,21,1054,2.0
676,1820,Privateering,39,1054,4.0
677,1820,Pro-Slavery Movements,9,1054,1.0
678,1820,Recreation,57,1054,5.0
679,1820,Religion,52,1054,5.0
680,1820,Roads,2,1054,0.0
681,1820,Science and Technology,18,1054,2.0
682,1820,Sectionalism,28,1054,3.0
683,1820,Seminole Wars,5,1054,0.0
684,1820,Slave Trade,26,1054,2.0
685,1820,Slavery and Enslaved Persons,39,1054,4.0
686,1820,South,12,1054,1.0
687,1820,States Rights,2,1054,0.0
688,1820,Steam Power,5,1054,0.0
689,1820,Supreme Court,8,1054,1.0
690,1820,Territorial Expansion,3,1054,0.0
691,1820,Texas Annexation,8,1054,1.0
692,1820,Treaty of Ghent,22,1054,2.0
693,1820,US Constitution,24,1054,2.0
694,1820,War of 1812,17,1054,2.0
695,1820,West,13,1054,1.0
696,1821,Adams-Onis Treaty,51,471,11.0
697,1821,African Americans,2,471,0.0
698,1821,American Revolution,7,471,1.0
699,1821,Anti-Slavery Movements,1,471,0.0
700,1821,Bank of the United States,6,471,1.0
701,1821,Caucus System,2,471,0.0
702,1821,Colonization Movements,1,471,0.0
703,1821,Commerce,23,471,5.0
704,1821,Dueling,1,471,0.0
705,1821,Elections,22,471,5.0
706,1821,Family Finances (Adams Family),3,471,1.0
707,1821,Family Relations (Adams Family),12,471,3.0
708,1821,Family Residences (Adams Family),10,471,2.0
709,1821,Florida Annexation,29,471,6.0
710,1821,Foreign Relations,33,471,7.000000000000001
711,1821,Health and Illness,7,471,1.0
712,1821,Impressment,1,471,0.0
713,1821,Industrialization,1,471,0.0
714,1821,Internal Improvements,4,471,1.0
715,1821,Latin American Wars of Independence,6,471,1.0
716,1821,Louisiana Purchase,14,471,3.0
717,1821,Mexican War of Independence,3,471,1.0
718,1821,Missouri Compromise,12,471,3.0
719,1821,Native Americans,4,471,1.0
720,1821,Oregon Country,6,471,1.0
721,1821,Panic of 1819,6,471,1.0
722,1821,Presidential 1820,8,471,2.0
723,1821,Presidential 1824,14,471,3.0
724,1821,Press,5,471,1.0
725,1821,Privateering,2,471,0.0
726,1821,Pro-Slavery Movements,1,471,0.0
727,1821,Recreation,11,471,2.0
728,1821,Religion,25,471,5.0
729,1821,Roads,1,471,0.0
730,1821,Science and Technology,2,471,0.0
731,1821,Second Great Awakening,2,471,0.0
732,1821,Sectionalism,6,471,1.0
733,1821,Seminole Wars,7,471,1.0
734,1821,Slave Trade,30,471,6.0
735,1821,Slavery and Enslaved Persons,5,471,1.0
736,1821,States Rights,2,471,0.0
737,1821,Steam Power,11,471,2.0
738,1821,Supreme Court,4,471,1.0
739,1821,Territorial Expansion,5,471,1.0
740,1821,Treaty of Ghent,24,471,5.0
741,1821,US Constitution,13,471,3.0
742,1821,Unitarianism,7,471,1.0
743,1821,War of 1812,11,471,2.0
744,1821,West,8,471,2.0
745,1822,Adams-Onis Treaty,15,564,3.0
746,1822,African Americans,3,564,1.0
747,1822,American Revolution,5,564,1.0
748,1822,Anti-Slavery Movements,2,564,0.0
749,1822,Bank of the United States,1,564,0.0
750,1822,Blockades,2,564,0.0
751,1822,Caucus System,4,564,1.0
752,1822,Colonization Movements,1,564,0.0
753,1822,Commerce,20,564,4.0
754,1822,Democratic-Republican Party,4,564,1.0
755,1822,Dueling,1,564,0.0
756,1822,Elections,30,564,5.0
757,1822,Emancipation,2,564,0.0
758,1822,Family Finances (Adams Family),7,564,1.0
759,1822,Florida Annexation,5,564,1.0
760,1822,Foreign Relations,61,564,11.0
761,1822,Fugitive Slave Laws,3,564,1.0
762,1822,Health and Illness,23,564,4.0
763,1822,Internal Improvements,4,564,1.0
764,1822,Latin American Wars of Independence,19,564,3.0
765,1822,Louisiana Purchase,4,564,1.0
766,1822,Mexican War of Independence,7,564,1.0
767,1822,Missouri Compromise,1,564,0.0
768,1822,Native Americans,15,564,3.0
769,1822,Oregon Country,8,564,1.0
770,1822,Presidential 1816,1,564,0.0
771,1822,Presidential 1824,29,564,5.0
772,1822,Press,39,564,7.000000000000001
773,1822,Privateering,16,564,3.0
774,1822,Recreation,103,564,18.0
775,1822,Religion,3,564,1.0
776,1822,Sectionalism,9,564,2.0
777,1822,Slave Trade,28,564,5.0
778,1822,Slavery and Enslaved Persons,17,564,3.0
779,1822,States Rights,1,564,0.0
780,1822,Treaty of Ghent,44,564,8.0
781,1822,US Constitution,9,564,2.0
782,1822,Unitarianism,13,564,2.0
783,1822,War of 1812,5,564,1.0
784,1823,Adams-Onis Treaty,3,337,1.0
785,1823,Anti-Slavery Movements,1,337,0.0
786,1823,Bank of the United States,4,337,1.0
787,1823,Blockades,2,337,1.0
788,1823,Caucus System,6,337,2.0
789,1823,Colonization Movements,1,337,0.0
790,1823,Commerce,3,337,1.0
791,1823,Democratic-Republican Party,1,337,0.0
792,1823,Dueling,3,337,1.0
793,1823,Elections,15,337,4.0
794,1823,Era of Good Feelings,1,337,0.0
795,1823,Family Finances (Adams Family),14,337,4.0
796,1823,Family Relations (Adams Family),8,337,2.0
797,1823,Family Residences (Adams Family),2,337,1.0
798,1823,Foreign Relations,31,337,9.0
799,1823,Health and Illness,24,337,7.000000000000001
800,1823,Impressment,4,337,1.0
801,1823,Internal Improvements,3,337,1.0
802,1823,Latin American Wars of Independence,6,337,2.0
803,1823,Louisiana Purchase,3,337,1.0
804,1823,Monroe Doctrine,14,337,4.0
805,1823,Native Americans,1,337,0.0
806,1823,Oregon Country,15,337,4.0
807,1823,Presidential 1824,15,337,4.0
808,1823,Press,1,337,0.0
809,1823,Privateering,9,337,3.0
810,1823,Recreation,77,337,23.0
811,1823,Science and Technology,4,337,1.0
812,1823,Sectionalism,1,337,0.0
813,1823,Slave Trade,28,337,8.0
814,1823,Slavery and Enslaved Persons,5,337,1.0
815,1823,Steam Power,2,337,1.0
816,1823,Supreme Court,11,337,3.0
817,1823,Treaty of Ghent,9,337,3.0
818,1823,US Constitution,3,337,1.0
819,1823,Unitarianism,3,337,1.0
820,1823,War of 1812,4,337,1.0
821,1824,Adams-Onis Treaty,7,573,1.0
822,1824,African Americans,8,573,1.0
823,1824,American Revolution,4,573,1.0
824,1824,Bank of the United States,1,573,0.0
825,1824,Blockades,3,573,1.0
826,1824,Canals,1,573,0.0
827,1824,Caucus System,34,573,6.0
828,1824,Colonization Movements,1,573,0.0
829,1824,Commerce,2,573,0.0
830,1824,Corrupt Bargain,2,573,0.0
831,1824,Democratic-Republican Party,3,573,1.0
832,1824,Dueling,9,573,2.0
833,1824,Elections,99,573,17.0
834,1824,Era of Good Feelings,1,573,0.0
835,1824,Family Finances (Adams Family),13,573,2.0
836,1824,Family Residences (Adams Family),4,573,1.0
837,1824,Foreign Relations,35,573,6.0
838,1824,Health and Illness,26,573,5.0
839,1824,Industrialization,1,573,0.0
840,1824,Internal Improvements,9,573,2.0
841,1824,Louisiana Purchase,2,573,0.0
842,1824,Missouri Compromise,2,573,0.0
843,1824,Monroe Doctrine,1,573,0.0
844,1824,Native Americans,14,573,2.0
845,1824,Oregon Country,10,573,2.0
846,1824,Presidential 1816,1,573,0.0
847,1824,Presidential 1824,98,573,17.0
848,1824,Privateering,10,573,2.0
849,1824,Recreation,80,573,14.000000000000002
850,1824,Reform Movements,2,573,0.0
851,1824,Roads,1,573,0.0
852,1824,Sectionalism,7,573,1.0
853,1824,Seminole Wars,1,573,0.0
854,1824,Slave Trade,25,573,4.0
855,1824,Slavery and Enslaved Persons,28,573,5.0
856,1824,States Rights,4,573,1.0
857,1824,Textile Industry,1,573,0.0
858,1824,Treaty of Ghent,2,573,0.0
859,1824,US Constitution,8,573,1.0
860,1824,Unitarianism,4,573,1.0
861,1824,Utopian Communities,6,573,1.0
862,1824,War of 1812,3,573,1.0
863,1825,Adams-Onis Treaty,2,367,1.0
864,1825,African Americans,6,367,2.0
865,1825,American Revolution,2,367,1.0
866,1825,Bank of the United States,1,367,0.0
867,1825,Canals,5,367,1.0
868,1825,Colonization Movements,1,367,0.0
869,1825,Corrupt Bargain,7,367,2.0
870,1825,Dueling,1,367,0.0
871,1825,Elections,28,367,8.0
872,1825,Family Finances (Adams Family),9,367,2.0
873,1825,Family Residences (Adams Family),8,367,2.0
874,1825,Foreign Relations,25,367,7.000000000000001
875,1825,Health and Illness,25,367,7.000000000000001
876,1825,Internal Improvements,15,367,4.0
877,1825,Latin American Wars of Independence,2,367,1.0
878,1825,Native Americans,75,367,20.0
879,1825,Presidential 1824,28,367,8.0
880,1825,Privateering,1,367,0.0
881,1825,Recreation,93,367,25.0
882,1825,Science and Technology,1,367,0.0
883,1825,Sectionalism,2,367,1.0
884,1825,Seminole Wars,1,367,0.0
885,1825,Slave Trade,7,367,2.0
886,1825,Slavery and Enslaved Persons,7,367,2.0
887,1825,States Rights,1,367,0.0
888,1825,Treaty of Ghent,2,367,1.0
889,1825,US Constitution,1,367,0.0
890,1825,Unitarianism,2,367,1.0
891,1825,Utopian Communities,6,367,2.0
892,1825,War of 1812,3,367,1.0
893,1826,African Americans,5,346,1.0
894,1826,American Revolution,3,346,1.0
895,1826,Bank of the United States,2,346,1.0
896,1826,Canals,8,346,2.0
897,1826,Colonization Movements,1,346,0.0
898,1826,Commerce,2,346,1.0
899,1826,Elections,1,346,0.0
900,1826,Emancipation,1,346,0.0
901,1826,Family Finances (Adams Family),32,346,9.0
902,1826,Family Relations (Adams Family),21,346,6.0
903,1826,Family Residences (Adams Family),6,346,2.0
904,1826,Foreign Relations,22,346,6.0
905,1826,Health and Illness,20,346,6.0
906,1826,Industrialization,2,346,1.0
907,1826,Internal Improvements,4,346,1.0
908,1826,Native Americans,28,346,8.0
909,1826,Oregon Country,3,346,1.0
910,1826,Presidential 1824,1,346,0.0
911,1826,Railroads,7,346,2.0
912,1826,Recreation,140,346,40.0
913,1826,Religion,1,346,0.0
914,1826,Roads,2,346,1.0
915,1826,Slave Trade,3,346,1.0
916,1826,Slavery and Enslaved Persons,10,346,3.0
917,1826,Steam Power,1,346,0.0
918,1826,Supreme Court,3,346,1.0
919,1826,Telegraph,1,346,0.0
920,1826,Territorial Expansion,2,346,1.0
921,1826,Treaty of Ghent,6,346,2.0
922,1826,US Constitution,1,346,0.0
923,1826,Unitarianism,3,346,1.0
924,1826,War of 1812,4,346,1.0
925,1827,African Americans,5,392,1.0
926,1827,Anti-Masonic Party,2,392,1.0
927,1827,Blockades,1,392,0.0
928,1827,Canals,15,392,4.0
929,1827,Colonization Movements,8,392,2.0
930,1827,Commerce,3,392,1.0
931,1827,Corrupt Bargain,2,392,1.0
932,1827,Dueling,7,392,2.0
933,1827,Elections,4,392,1.0
934,1827,Emancipation,1,392,0.0
935,1827,Family Finances (Adams Family),15,392,4.0
936,1827,Family Relations (Adams Family),3,392,1.0
937,1827,Family Residences (Adams Family),7,392,2.0
938,1827,Foreign Relations,22,392,6.0
939,1827,Health and Illness,22,392,6.0
940,1827,Impressment,1,392,0.0
941,1827,Industrialization,2,392,1.0
942,1827,Internal Improvements,5,392,1.0
943,1827,Louisiana Purchase,2,392,1.0
944,1827,Missouri Compromise,1,392,0.0
945,1827,Native Americans,39,392,10.0
946,1827,Presidential 1828,4,392,1.0
947,1827,Privateering,1,392,0.0
948,1827,Railroads,5,392,1.0
949,1827,Recreation,181,392,46.0
950,1827,Religion,1,392,0.0
951,1827,Science and Technology,1,392,0.0
952,1827,Slave Trade,5,392,1.0
953,1827,Slavery and Enslaved Persons,1,392,0.0
954,1827,States Rights,7,392,2.0
955,1827,Steam Power,1,392,0.0
956,1827,Suffrage,1,392,0.0
957,1827,Temperance Movement,2,392,1.0
958,1827,Territorial Expansion,2,392,1.0
959,1827,Textile Industry,3,392,1.0
960,1827,US Constitution,2,392,1.0
961,1827,Unitarianism,5,392,1.0
962,1827,War of 1812,2,392,1.0
963,1827,West,1,392,0.0
964,1828,African Americans,8,459,2.0
965,1828,American Revolution,3,459,1.0
966,1828,Anti-Masonic Party,4,459,1.0
967,1828,Blockades,3,459,1.0
968,1828,Canals,15,459,3.0
969,1828,Colonization Movements,4,459,1.0
970,1828,Commerce,1,459,0.0
971,1828,Corrupt Bargain,4,459,1.0
972,1828,Dueling,3,459,1.0
973,1828,Elections,19,459,4.0
974,1828,Family Finances (Adams Family),7,459,2.0
975,1828,Family Relations (Adams Family),1,459,0.0
976,1828,Federalist Party,7,459,2.0
977,1828,Foreign Relations,23,459,5.0
978,1828,Hartford Convention,2,459,0.0
979,1828,Health and Illness,16,459,3.0
980,1828,Internal Improvements,8,459,2.0
981,1828,Louisiana Purchase,1,459,0.0
982,1828,Native Americans,78,459,17.0
983,1828,Oregon Country,1,459,0.0
984,1828,Presidential 1812,1,459,0.0
985,1828,Presidential 1824,1,459,0.0
986,1828,Presidential 1828,16,459,3.0
987,1828,Presidential 1832,1,459,0.0
988,1828,Privateering,5,459,1.0
989,1828,Railroads,3,459,1.0
990,1828,Recreation,184,459,40.0
991,1828,Religion,5,459,1.0
992,1828,Science and Technology,1,459,0.0
993,1828,Sectionalism,2,459,0.0
994,1828,Slave Trade,16,459,3.0
995,1828,Slavery and Enslaved Persons,4,459,1.0
996,1828,Supreme Court,4,459,1.0
997,1828,Treaty of Ghent,2,459,0.0
998,1828,US Constitution,2,459,0.0
999,1828,Unitarianism,3,459,1.0
1000,1828,War of 1812,1,459,0.0
1001,1829,African Americans,2,312,1.0
1002,1829,American Revolution,2,312,1.0
1003,1829,Anti-Masonic Party,4,312,1.0
1004,1829,Bank of the United States,1,312,0.0
1005,1829,Canals,7,312,2.0
1006,1829,Colonization Movements,1,312,0.0
1007,1829,Dueling,2,312,1.0
1008,1829,Elections,3,312,1.0
1009,1829,Family Finances (Adams Family),37,312,12.0
1010,1829,Family Relations (Adams Family),1,312,0.0
1011,1829,Family Residences (Adams Family),11,312,4.0
1012,1829,Federalist Party,5,312,2.0
1013,1829,Foreign Relations,8,312,3.0
1014,1829,Hartford Convention,5,312,2.0
1015,1829,Health and Illness,17,312,5.0
1016,1829,Impressment,1,312,0.0
1017,1829,Internal Improvements,1,312,0.0
1018,1829,Louisiana Purchase,1,312,0.0
1019,1829,Native Americans,18,312,6.0
1020,1829,Presidential 1828,2,312,1.0
1021,1829,Presidential 1832,1,312,0.0
1022,1829,Privateering,2,312,1.0
1023,1829,Railroads,1,312,0.0
1024,1829,Recreation,134,312,43.0
1025,1829,Religion,16,312,5.0
1026,1829,Sectionalism,4,312,1.0
1027,1829,Slave Trade,1,312,0.0
1028,1829,Spoils System,15,312,5.0
1029,1829,States Rights,1,312,0.0
1030,1829,Steam Power,1,312,0.0
1031,1829,Supreme Court,3,312,1.0
1032,1829,Unitarianism,3,312,1.0
1033,1829,War of 1812,1,312,0.0
1034,1830,American Revolution,9,515,2.0
1035,1830,Anti-Masonic Party,13,515,3.0
1036,1830,Bank of the United States,3,515,1.0
1037,1830,Boylston Professor of Rhetoric and Oratory,1,515,0.0
1038,1830,Canals,4,515,1.0
1039,1830,Corrupt Bargain,2,515,0.0
1040,1830,Democratic Party,2,515,0.0
1041,1830,Democratic-Republican Party,1,515,0.0
1042,1830,Diplomacy,15,515,3.0
1043,1830,Dueling,3,515,1.0
1044,1830,Elections,14,515,3.0
1045,1830,Essex Junto,1,515,0.0
1046,1830,European Alliances,2,515,0.0
1047,1830,Family Finances (Adams Family),37,515,7.000000000000001
1048,1830,Family Relations (Adams Family),9,515,2.0
1049,1830,Family Residences (Adams Family),4,515,1.0
1050,1830,Federalist Party,3,515,1.0
1051,1830,Florida Annexation,2,515,0.0
1052,1830,Foreign Relations,36,515,7.000000000000001
1053,1830,Hartford Convention,2,515,0.0
1054,1830,Health and Illness,82,515,16.0
1055,1830,Internal Improvements,6,515,1.0
1056,1830,Latin American Wars of Independence,1,515,0.0
1057,1830,Louisiana Purchase,1,515,0.0
1058,1830,National Republican Party,3,515,1.0
1059,1830,Native Americans,14,515,3.0
1060,1830,Nullification,5,515,1.0
1061,1830,Presidential 1832,14,515,3.0
1062,1830,Press,5,515,1.0
1063,1830,Privateering,1,515,0.0
1064,1830,Quasi-War,1,515,0.0
1065,1830,Railroads,4,515,1.0
1066,1830,Recreation,76,515,15.0
1067,1830,Religion,73,515,14.000000000000002
1068,1830,Roads,1,515,0.0
1069,1830,Science and Technology,3,515,1.0
1070,1830,Seminole Wars,3,515,1.0
1071,1830,Slavery and Enslaved Persons,4,515,1.0
1072,1830,Spoils System,13,515,3.0
1073,1830,Steam Power,2,515,0.0
1074,1830,Supreme Court,12,515,2.0
1075,1830,Tariff of 1828,5,515,1.0
1076,1830,Treaty of Ghent,2,515,0.0
1077,1830,US Constitution,8,515,2.0
1078,1830,Unitarianism,13,515,3.0
1079,1831,African Americans,2,826,0.0
1080,1831,American Revolution,20,826,2.0
1081,1831,American System,1,826,0.0
1082,1831,Anglo-American Definitive Peace Treaty,2,826,0.0
1083,1831,Anti-Masonic Party,41,826,5.0
1084,1831,Anti-Slavery Movements,2,826,0.0
1085,1831,Anti-Slavery Petitions,3,826,0.0
1086,1831,Articles of Confederation,2,826,0.0
1087,1831,Bank of the United States,8,826,1.0
1088,1831,Barbary Wars,1,826,0.0
1089,1831,Boylston Professor of Rhetoric and Oratory,1,826,0.0
1090,1831,Canals,4,826,0.0
1091,1831,Colonization Movements,3,826,0.0
1092,1831,Commerce,5,826,1.0
1093,1831,Continental Congress,4,826,0.0
1094,1831,Diplomacy,11,826,1.0
1095,1831,Dueling,2,826,0.0
1096,1831,Elections,36,826,4.0
1097,1831,Emancipation,1,826,0.0
1098,1831,Era of Good Feelings,1,826,0.0
1099,1831,European Alliances,1,826,0.0
1100,1831,Family Finances (Adams Family),51,826,6.0
1101,1831,Family Relations (Adams Family),8,826,1.0
1102,1831,Family Residences (Adams Family),13,826,2.0
1103,1831,Federalist Party,1,826,0.0
1104,1831,Florida Annexation,3,826,0.0
1105,1831,Foreign Relations,26,826,3.0
1106,1831,Health and Illness,86,826,10.0
1107,1831,Internal Improvements,9,826,1.0
1108,1831,Napoleonic Wars,1,826,0.0
1109,1831,National Nominating Conventions,7,826,1.0
1110,1831,National Republican Party,6,826,1.0
1111,1831,Native Americans,17,826,2.0
1112,1831,Northwest Ordinance,1,826,0.0
1113,1831,Nullification,8,826,1.0
1114,1831,Presidential 1824,1,826,0.0
1115,1831,Presidential 1828,5,826,1.0
1116,1831,Presidential 1832,30,826,4.0
1117,1831,Press,14,826,2.0
1118,1831,Railroads,7,826,1.0
1119,1831,Recreation,122,826,15.0
1120,1831,Religion,171,826,21.0
1121,1831,Roads,1,826,0.0
1122,1831,Science and Technology,1,826,0.0
1123,1831,Seminole Wars,10,826,1.0
1124,1831,Slave Trade,3,826,0.0
1125,1831,Slavery and Enslaved Persons,6,826,1.0
1126,1831,South,3,826,0.0
1127,1831,Spoils System,4,826,0.0
1128,1831,Steam Power,8,826,1.0
1129,1831,Supreme Court,15,826,2.0
1130,1831,Tariff of 1816,1,826,0.0
1131,1831,Tariff of 1828,9,826,1.0
1132,1831,Temperance Movement,1,826,0.0
1133,1831,Treaty of Ghent,1,826,0.0
1134,1831,US Constitution,8,826,1.0
1135,1831,Unitarianism,14,826,2.0
1136,1831,War of 1812,2,826,0.0
1137,1831,Women's Rights,1,826,0.0
1138,1832,African Americans,3,802,0.0
1139,1832,American Revolution,21,802,3.0
1140,1832,Anti-Masonic Party,10,802,1.0
1141,1832,Anti-Slavery Movements,1,802,0.0
1142,1832,Anti-Slavery Petitions,4,802,0.0
1143,1832,Asylum Movement,3,802,0.0
1144,1832,Bank of the United States,79,802,10.0
1145,1832,Canals,6,802,1.0
1146,1832,Colonization Movements,3,802,0.0
1147,1832,Commerce,23,802,3.0
1148,1832,Continental Congress,1,802,0.0
1149,1832,Democratic-Republican Party,1,802,0.0
1150,1832,Diplomacy,17,802,2.0
1151,1832,Elections,13,802,2.0
1152,1832,Emancipation,1,802,0.0
1153,1832,Family Finances (Adams Family),60,802,7.000000000000001
1154,1832,Family Relations (Adams Family),10,802,1.0
1155,1832,Family Residences (Adams Family),4,802,0.0
1156,1832,Foreign Relations,21,802,3.0
1157,1832,Health and Illness,88,802,11.0
1158,1832,Internal Improvements,7,802,1.0
1159,1832,Missouri Compromise,1,802,0.0
1160,1832,National Nominating Conventions,1,802,0.0
1161,1832,National Republican Party,9,802,1.0
1162,1832,Native Americans,19,802,2.0
1163,1832,Nullification,20,802,2.0
1164,1832,Presidential 1832,13,802,2.0
1165,1832,Press,25,802,3.0
1166,1832,Privateering,2,802,0.0
1167,1832,Prussian-American Treaty of Amity and Commerce,3,802,0.0
1168,1832,Railroads,8,802,1.0
1169,1832,Recreation,60,802,7.000000000000001
1170,1832,Religion,187,802,23.0
1171,1832,Science and Technology,5,802,1.0
1172,1832,Seminole Wars,1,802,0.0
1173,1832,Slave Trade,1,802,0.0
1174,1832,Slavery and Enslaved Persons,2,802,0.0
1175,1832,South,2,802,0.0
1176,1832,Spoils System,3,802,0.0
1177,1832,Steam Power,6,802,1.0
1178,1832,Supreme Court,7,802,1.0
1179,1832,Tariff of 1828,32,802,4.0
1180,1832,Temperance Movement,1,802,0.0
1181,1832,US Constitution,11,802,1.0
1182,1832,Unitarianism,3,802,0.0
1183,1832,War of 1812,4,802,0.0
1184,1833,African Americans,3,682,0.0
1185,1833,Alien and Sedition Acts,1,682,0.0
1186,1833,American Revolution,24,682,4.0
1187,1833,American System,1,682,0.0
1188,1833,Anti-Masonic Party,37,682,5.0
1189,1833,Anti-Slavery Movements,1,682,0.0
1190,1833,Anti-Slavery Petitions,3,682,0.0
1191,1833,Asylum Movement,1,682,0.0
1192,1833,Bank of the United States,31,682,5.0
1193,1833,Boylston Professor of Rhetoric and Oratory,1,682,0.0
1194,1833,Canals,2,682,0.0
1195,1833,Colonization Movements,4,682,1.0
1196,1833,Commerce,4,682,1.0
1197,1833,Democratic-Republican Party,1,682,0.0
1198,1833,Diplomacy,6,682,1.0
1199,1833,Elections,9,682,1.0
1200,1833,Emancipation,3,682,0.0
1201,1833,Embargo,1,682,0.0
1202,1833,Essex Junto,1,682,0.0
1203,1833,Family Finances (Adams Family),43,682,6.0
1204,1833,Family Relations (Adams Family),7,682,1.0
1205,1833,Family Residences (Adams Family),5,682,1.0
1206,1833,Federalist Party,2,682,0.0
1207,1833,Foreign Relations,10,682,1.0
1208,1833,Hartford Convention,2,682,0.0
1209,1833,Health and Illness,124,682,18.0
1210,1833,Internal Improvements,5,682,1.0
1211,1833,Jay Treaty,1,682,0.0
1212,1833,Napoleonic Wars,1,682,0.0
1213,1833,National Republican Party,20,682,3.0
1214,1833,Native Americans,5,682,1.0
1215,1833,Nullification,22,682,3.0
1216,1833,Presidential 1832,6,682,1.0
1217,1833,Presidential 1836,3,682,0.0
1218,1833,Press,60,682,9.0
1219,1833,Railroads,7,682,1.0
1220,1833,Recreation,82,682,12.0
1221,1833,Religion,87,682,13.0
1222,1833,Science and Technology,7,682,1.0
1223,1833,Slavery and Enslaved Persons,5,682,1.0
1224,1833,South,1,682,0.0
1225,1833,Spoils System,2,682,0.0
1226,1833,Steam Power,6,682,1.0
1227,1833,Supreme Court,9,682,1.0
1228,1833,Tariff of 1828,2,682,0.0
1229,1833,Temperance Movement,4,682,1.0
1230,1833,Treaty of Ghent,2,682,0.0
1231,1833,US Constitution,10,682,1.0
1232,1833,Unitarianism,4,682,1.0
1233,1833,War of 1812,4,682,1.0
1234,1834,African Americans,3,829,0.0
1235,1834,Alien and Sedition Acts,1,829,0.0
1236,1834,American Revolution,29,829,3.0
1237,1834,Anti-Masonic Party,22,829,3.0
1238,1834,Anti-Slavery Petitions,3,829,0.0
1239,1834,Bank of the United States,105,829,13.0
1240,1834,Canals,11,829,1.0
1241,1834,Commerce,11,829,1.0
1242,1834,Democratic Party,1,829,0.0
1243,1834,Diplomacy,23,829,3.0
1244,1834,Elections,9,829,1.0
1245,1834,Emancipation,2,829,0.0
1246,1834,Family Finances (Adams Family),43,829,5.0
1247,1834,Family Relations (Adams Family),16,829,2.0
1248,1834,Family Residences (Adams Family),17,829,2.0
1249,1834,Federalist Party,1,829,0.0
1250,1834,Foreign Relations,32,829,4.0
1251,1834,French Revolution,6,829,1.0
1252,1834,Hartford Convention,1,829,0.0
1253,1834,Health and Illness,111,829,13.0
1254,1834,Indian Removal,1,829,0.0
1255,1834,Internal Improvements,35,829,4.0
1256,1834,National Republican Party,4,829,0.0
1257,1834,Native Americans,23,829,3.0
1258,1834,Nullification,10,829,1.0
1259,1834,Presidential 1832,2,829,0.0
1260,1834,Presidential 1836,7,829,1.0
1261,1834,Press,41,829,5.0
1262,1834,Railroads,9,829,1.0
1263,1834,Recreation,99,829,12.0
1264,1834,Religion,77,829,9.0
1265,1834,Roads,2,829,0.0
1266,1834,Science and Technology,8,829,1.0
1267,1834,Slavery and Enslaved Persons,6,829,1.0
1268,1834,Steam Power,10,829,1.0
1269,1834,Supreme Court,9,829,1.0
1270,1834,Temperance Movement,2,829,0.0
1271,1834,Treaty of Ghent,1,829,0.0
1272,1834,US Constitution,11,829,1.0
1273,1834,Unitarianism,4,829,0.0
1274,1834,War of 1812,13,829,2.0
1275,1834,Whig Party,8,829,1.0
1276,1835,African Americans,4,718,1.0
1277,1835,American Revolution,12,718,2.0
1278,1835,American System,1,718,0.0
1279,1835,Anti-Masonic Party,15,718,2.0
1280,1835,Anti-Slavery Movements,6,718,1.0
1281,1835,Anti-Slavery Petitions,8,718,1.0
1282,1835,Bank of the United States,12,718,2.0
1283,1835,Boylston Professor of Rhetoric and Oratory,2,718,0.0
1284,1835,Canals,2,718,0.0
1285,1835,Colonization Movements,4,718,1.0
1286,1835,Commerce,3,718,0.0
1287,1835,Democratic Party,4,718,1.0
1288,1835,Democratic-Republican Party,1,718,0.0
1289,1835,Diplomacy,7,718,1.0
1290,1835,Dueling,2,718,0.0
1291,1835,Elections,28,718,4.0
1292,1835,Emancipation,3,718,0.0
1293,1835,Family Finances (Adams Family),61,718,8.0
1294,1835,Family Relations (Adams Family),19,718,3.0
1295,1835,Family Residences (Adams Family),5,718,1.0
1296,1835,Federalist Party,1,718,0.0
1297,1835,Foreign Relations,33,718,5.0
1298,1835,French Revolution,1,718,0.0
1299,1835,Hartford Convention,1,718,0.0
1300,1835,Health and Illness,86,718,12.0
1301,1835,Internal Improvements,9,718,1.0
1302,1835,Louisiana Purchase,1,718,0.0
1303,1835,Missouri Compromise,1,718,0.0
1304,1835,Native Americans,12,718,2.0
1305,1835,Northwest Ordinance,1,718,0.0
1306,1835,Nullification,2,718,0.0
1307,1835,Presidential 1828,1,718,0.0
1308,1835,Presidential 1836,27,718,4.0
1309,1835,Press,71,718,10.0
1310,1835,Railroads,11,718,2.0
1311,1835,Recreation,78,718,11.0
1312,1835,Reform Movements,1,718,0.0
1313,1835,Religion,73,718,10.0
1314,1835,Science and Technology,12,718,2.0
1315,1835,Slave Trade,1,718,0.0
1316,1835,Slavery and Enslaved Persons,10,718,1.0
1317,1835,Smithsonian Institution,3,718,0.0
1318,1835,South,7,718,1.0
1319,1835,States Rights,1,718,0.0
1320,1835,Steam Power,10,718,1.0
1321,1835,Supreme Court,7,718,1.0
1322,1835,Temperance Movement,4,718,1.0
1323,1835,Territorial Expansion,3,718,0.0
1324,1835,Treaty of Ghent,2,718,0.0
1325,1835,US Constitution,17,718,2.0
1326,1835,Unitarianism,6,718,1.0
1327,1835,War of 1812,5,718,1.0
1328,1835,Whig Party,21,718,3.0
1329,1836,African Americans,5,646,1.0
1330,1836,Alien and Sedition Acts,4,646,1.0
1331,1836,American Revolution,15,646,2.0
1332,1836,Anglo-American Definitive Peace Treaty,1,646,0.0
1333,1836,Anti-Masonic Party,6,646,1.0
1334,1836,Anti-Slavery Movements,3,646,0.0
1335,1836,Anti-Slavery Petitions,21,646,3.0
1336,1836,Articles of Confederation,3,646,0.0
1337,1836,Bank of the United States,13,646,2.0
1338,1836,Colonization Movements,1,646,0.0
1339,1836,Commerce,4,646,1.0
1340,1836,Democratic Party,1,646,0.0
1341,1836,Diplomacy,7,646,1.0
1342,1836,Dueling,3,646,0.0
1343,1836,Elections,19,646,3.0
1344,1836,Family Finances (Adams Family),52,646,8.0
1345,1836,Family Relations (Adams Family),9,646,1.0
1346,1836,Family Residences (Adams Family),10,646,2.0
1347,1836,Federalist Papers,5,646,1.0
1348,1836,Foreign Relations,29,646,4.0
1349,1836,French Revolution,1,646,0.0
1350,1836,Gag Rule,9,646,1.0
1351,1836,Hartford Convention,1,646,0.0
1352,1836,Health and Illness,79,646,12.0
1353,1836,Internal Improvements,10,646,2.0
1354,1836,Louisiana Purchase,1,646,0.0
1355,1836,Native Americans,38,646,6.0
1356,1836,Nullification,4,646,1.0
1357,1836,Presidential 1836,19,646,3.0
1358,1836,Press,47,646,7.000000000000001
1359,1836,Railroads,8,646,1.0
1360,1836,Recreation,47,646,7.000000000000001
1361,1836,Religion,54,646,8.0
1362,1836,Roads,3,646,0.0
1363,1836,Science and Technology,9,646,1.0
1364,1836,Slavery and Enslaved Persons,20,646,3.0
1365,1836,Smithsonian Institution,15,646,2.0
1366,1836,South,1,646,0.0
1367,1836,Steam Power,7,646,1.0
1368,1836,Supreme Court,2,646,0.0
1369,1836,Temperance Movement,2,646,0.0
1370,1836,Territorial Expansion,8,646,1.0
1371,1836,Texas Revolution and Independence,21,646,3.0
1372,1836,US Constitution,17,646,3.0
1373,1836,Unitarianism,2,646,0.0
1374,1836,War of 1812,4,646,1.0
1375,1836,Whig Party,6,646,1.0
1376,1837,African Americans,3,609,0.0
1377,1837,American Revolution,31,609,5.0
1378,1837,Anglo-American Definitive Peace Treaty,2,609,0.0
1379,1837,Anti-Masonic Party,1,609,0.0
1380,1837,Anti-Slavery Movements,13,609,2.0
1381,1837,Anti-Slavery Petitions,49,609,8.0
1382,1837,Bank of the United States,23,609,4.0
1383,1837,Colonization Movements,7,609,1.0
1384,1837,Democratic Party,2,609,0.0
1385,1837,Diplomacy,5,609,1.0
1386,1837,Dueling,3,609,0.0
1387,1837,Elections,2,609,0.0
1388,1837,Emancipation,2,609,0.0
1389,1837,Family Finances (Adams Family),29,609,5.0
1390,1837,Family Residences (Adams Family),10,609,2.0
1391,1837,Federalist Papers,1,609,0.0
1392,1837,Federalist Party,2,609,0.0
1393,1837,Foreign Relations,8,609,1.0
1394,1837,Gag Rule,15,609,2.0
1395,1837,Health and Illness,51,609,8.0
1396,1837,Internal Improvements,2,609,0.0
1397,1837,Louisiana Purchase,1,609,0.0
1398,1837,Missouri Compromise,1,609,0.0
1399,1837,Napoleonic Wars,1,609,0.0
1400,1837,Native Americans,29,609,5.0
1401,1837,Northwest Ordinance,1,609,0.0
1402,1837,Nullification,8,609,1.0
1403,1837,Panic of 1837,19,609,3.0
1404,1837,Presidential 1836,1,609,0.0
1405,1837,Presidential 1840,1,609,0.0
1406,1837,Press,50,609,8.0
1407,1837,Quasi-War,1,609,0.0
1408,1837,Railroads,6,609,1.0
1409,1837,Recreation,52,609,9.0
1410,1837,Reform Movements,1,609,0.0
1411,1837,Religion,54,609,9.0
1412,1837,Science and Technology,5,609,1.0
1413,1837,Shays's Rebellion,1,609,0.0
1414,1837,Slave Trade,8,609,1.0
1415,1837,Slavery and Enslaved Persons,15,609,2.0
1416,1837,Smithsonian Institution,1,609,0.0
1417,1837,South,9,609,1.0
1418,1837,Steam Power,7,609,1.0
1419,1837,Supreme Court,1,609,0.0
1420,1837,Temperance Movement,3,609,0.0
1421,1837,Territorial Expansion,2,609,0.0
1422,1837,Texas Revolution and Independence,38,609,6.0
1423,1837,Treaty of Ghent,3,609,0.0
1424,1837,US Constitution,9,609,1.0
1425,1837,Unitarianism,5,609,1.0
1426,1837,War of 1812,4,609,1.0
1427,1837,Whig Party,11,609,2.0
1428,1838,Adams-Onis Treaty,1,752,0.0
1429,1838,African Americans,7,752,1.0
1430,1838,American Revolution,20,752,3.0
1431,1838,Anglo-American Definitive Peace Treaty,1,752,0.0
1432,1838,Anti-Masonic Party,3,752,0.0
1433,1838,Anti-Slavery Movements,15,752,2.0
1434,1838,Anti-Slavery Petitions,23,752,3.0
1435,1838,Bank of the United States,13,752,2.0
1436,1838,Canals,3,752,0.0
1437,1838,Colonization Movements,2,752,0.0
1438,1838,Commerce,1,752,0.0
1439,1838,Continental Congress,1,752,0.0
1440,1838,Democratic Party,7,752,1.0
1441,1838,Diplomacy,3,752,0.0
1442,1838,Dueling,46,752,6.0
1443,1838,Elections,3,752,0.0
1444,1838,Emancipation,4,752,1.0
1445,1838,Family Finances (Adams Family),22,752,3.0
1446,1838,Family Relations (Adams Family),2,752,0.0
1447,1838,Family Residences (Adams Family),11,752,1.0
1448,1838,Federalist Party,1,752,0.0
1449,1838,Florida Annexation,1,752,0.0
1450,1838,Foreign Relations,30,752,4.0
1451,1838,Fugitive Slave Laws,1,752,0.0
1452,1838,Gag Rule,21,752,3.0
1453,1838,Health and Illness,80,752,11.0
1454,1838,Indian Removal,9,752,1.0
1455,1838,Internal Improvements,9,752,1.0
1456,1838,Louisiana Purchase,4,752,1.0
1457,1838,Native Americans,36,752,5.0
1458,1838,Northwest Ordinance,1,752,0.0
1459,1838,Nullification,5,752,1.0
1460,1838,Presidential 1840,3,752,0.0
1461,1838,Press,52,752,7.000000000000001
1462,1838,Railroads,8,752,1.0
1463,1838,Recreation,44,752,6.0
1464,1838,Reform Movements,7,752,1.0
1465,1838,Religion,68,752,9.0
1466,1838,Science and Technology,41,752,5.0
1467,1838,Sectionalism,4,752,1.0
1468,1838,Slave Trade,2,752,0.0
1469,1838,Slavery and Enslaved Persons,23,752,3.0
1470,1838,Smithsonian Institution,17,752,2.0
1471,1838,South,3,752,0.0
1472,1838,States Rights,1,752,0.0
1473,1838,Steam Power,18,752,2.0
1474,1838,Supreme Court,3,752,0.0
1475,1838,Temperance Movement,2,752,0.0
1476,1838,Territorial Expansion,7,752,1.0
1477,1838,Texas Annexation,26,752,3.0
1478,1838,Texas Revolution and Independence,3,752,0.0
1479,1838,Treaty of Ghent,1,752,0.0
1480,1838,US Constitution,6,752,1.0
1481,1838,Unitarianism,2,752,0.0
1482,1838,War of 1812,4,752,1.0
1483,1838,Whig Party,21,752,3.0
1484,1839,African Americans,4,300,1.0
1485,1839,American Revolution,2,300,1.0
1486,1839,Amistad,11,300,4.0
1487,1839,Anti-Masonic Party,1,300,0.0
1488,1839,Anti-Slavery Movements,15,300,5.0
1489,1839,Anti-Slavery Petitions,20,300,7.000000000000001
1490,1839,Articles of Confederation,4,300,1.0
1491,1839,Bank of the United States,4,300,1.0
1492,1839,Chesapeake Affair,1,300,0.0
1493,1839,Colonization Movements,1,300,0.0
1494,1839,Democratic Party,8,300,3.0
1495,1839,Dueling,1,300,0.0
1496,1839,Elections,4,300,1.0
1497,1839,Emancipation,1,300,0.0
1498,1839,Family Finances (Adams Family),10,300,3.0
1499,1839,Foreign Relations,1,300,0.0
1500,1839,French Revolution,1,300,0.0
1501,1839,Fugitive Slave Laws,1,300,0.0
1502,1839,Gag Rule,3,300,1.0
1503,1839,Health and Illness,41,300,14.000000000000002
1504,1839,Internal Improvements,2,300,1.0
1505,1839,National Nominating Conventions,2,300,1.0
1506,1839,Native Americans,13,300,4.0
1507,1839,Nullification,3,300,1.0
1508,1839,Oregon Country,2,300,1.0
1509,1839,Presidential 1836,1,300,0.0
1510,1839,Presidential 1840,3,300,1.0
1511,1839,Press,1,300,0.0
1512,1839,Privateering,1,300,0.0
1513,1839,Recreation,20,300,7.000000000000001
1514,1839,Religion,40,300,13.0
1515,1839,Seminole Wars,1,300,0.0
1516,1839,Shays's Rebellion,1,300,0.0
1517,1839,Slave Trade,7,300,2.0
1518,1839,Slavery and Enslaved Persons,13,300,4.0
1519,1839,Smithsonian Institution,29,300,10.0
1520,1839,Steam Power,1,300,0.0
1521,1839,Temperance Movement,5,300,2.0
1522,1839,Treaty of Ghent,1,300,0.0
1523,1839,US Constitution,4,300,1.0
1524,1839,War of 1812,6,300,2.0
1525,1839,Whig Party,10,300,3.0
1526,1840,African Americans,6,429,1.0
1527,1840,American Revolution,2,429,0.0
1528,1840,Amistad,29,429,7.000000000000001
1529,1840,Anglo-American Definitive Peace Treaty,1,429,0.0
1530,1840,Anti-Slavery Movements,4,429,1.0
1531,1840,Anti-Slavery Petitions,20,429,5.0
1532,1840,Asylum Movement,1,429,0.0
1533,1840,Bank of the United States,6,429,1.0
1534,1840,Caucus System,1,429,0.0
1535,1840,Democratic Party,8,429,2.0
1536,1840,Dueling,2,429,0.0
1537,1840,Elections,23,429,5.0
1538,1840,Family Finances (Adams Family),6,429,1.0
1539,1840,Family Relations (Adams Family),1,429,0.0
1540,1840,Family Residences (Adams Family),1,429,0.0
1541,1840,Federalist Party,3,429,1.0
1542,1840,French Revolution,2,429,0.0
1543,1840,Gag Rule,11,429,3.0
1544,1840,Hartford Convention,2,429,0.0
1545,1840,Health and Illness,20,429,5.0
1546,1840,Internal Improvements,9,429,2.0
1547,1840,International,20,429,5.0
1548,1840,Loyalists,5,429,1.0
1549,1840,National Nominating Conventions,7,429,2.0
1550,1840,Native Americans,21,429,5.0
1551,1840,Nullification,1,429,0.0
1552,1840,Presidential 1836,1,429,0.0
1553,1840,Presidential 1840,22,429,5.0
1554,1840,Recreation,17,429,4.0
1555,1840,Religion,51,429,12.0
1556,1840,Seminole Wars,15,429,3.0
1557,1840,Slave Trade,10,429,2.0
1558,1840,Slavery and Enslaved Persons,14,429,3.0
1559,1840,Smithsonian Institution,24,429,6.0
1560,1840,Spoils System,1,429,0.0
1561,1840,States Rights,2,429,0.0
1562,1840,Steam Power,2,429,0.0
1563,1840,Supreme Court,5,429,1.0
1564,1840,Temperance Movement,1,429,0.0
1565,1840,Transcendentalism,7,429,2.0
1566,1840,Travel and Touring,20,429,5.0
1567,1840,War of 1812,3,429,1.0
1568,1840,Whig Party,22,429,5.0
1569,1841,African Americans,12,386,3.0
1570,1841,American Revolution,1,386,0.0
1571,1841,Amistad,63,386,16.0
1572,1841,Anglo-American Definitive Peace Treaty,1,386,0.0
1573,1841,Anti-Masonic Party,2,386,1.0
1574,1841,Anti-Slavery Movements,1,386,0.0
1575,1841,Anti-Slavery Petitions,13,386,3.0
1576,1841,Bank of the United States,4,386,1.0
1577,1841,Colonization Movements,3,386,1.0
1578,1841,Democratic Party,1,386,0.0
1579,1841,Dueling,2,386,1.0
1580,1841,Elections,3,386,1.0
1581,1841,Family Finances (Adams Family),6,386,2.0
1582,1841,Federalist Party,1,386,0.0
1583,1841,French Revolution,1,386,0.0
1584,1841,Fugitive Slave Laws,1,386,0.0
1585,1841,Gag Rule,5,386,1.0
1586,1841,Hartford Convention,1,386,0.0
1587,1841,Health and Illness,32,386,8.0
1588,1841,Internal Improvements,1,386,0.0
1589,1841,Jay Treaty,1,386,0.0
1590,1841,Native Americans,12,386,3.0
1591,1841,Nullification,1,386,0.0
1592,1841,Presidential 1840,3,386,1.0
1593,1841,Privateering,1,386,0.0
1594,1841,Recreation,17,386,4.0
1595,1841,Reform Movements,1,386,0.0
1596,1841,Religion,58,386,15.0
1597,1841,Sectionalism,1,386,0.0
1598,1841,Seminole Wars,5,386,1.0
1599,1841,Slave Trade,26,386,7.000000000000001
1600,1841,Slavery and Enslaved Persons,21,386,5.0
1601,1841,Smithsonian Institution,15,386,4.0
1602,1841,Spoils System,7,386,2.0
1603,1841,States Rights,4,386,1.0
1604,1841,Supreme Court,36,386,9.0
1605,1841,Telegraph,2,386,1.0
1606,1841,Temperance Movement,1,386,0.0
1607,1841,Texas Annexation,4,386,1.0
1608,1841,US Constitution,4,386,1.0
1609,1841,War of 1812,1,386,0.0
1610,1841,Whig Party,11,386,3.0
1611,1842,African Americans,12,304,4.0
1612,1842,American Revolution,1,304,0.0
1613,1842,Amistad,5,304,2.0
1614,1842,Anglo-American Definitive Peace Treaty,1,304,0.0
1615,1842,Anti-Slavery Petitions,13,304,4.0
1616,1842,Bank of the United States,2,304,1.0
1617,1842,Colonization Movements,4,304,1.0
1618,1842,Democratic Party,6,304,2.0
1619,1842,Dueling,2,304,1.0
1620,1842,Family Finances (Adams Family),12,304,4.0
1621,1842,Family Residences (Adams Family),1,304,0.0
1622,1842,Fugitive Slave Laws,1,304,0.0
1623,1842,Gag Rule,13,304,4.0
1624,1842,Health and Illness,18,304,6.0
1625,1842,Impressment,1,304,0.0
1626,1842,Internal Improvements,2,304,1.0
1627,1842,Native Americans,10,304,3.0
1628,1842,Oregon Country,2,304,1.0
1629,1842,Recreation,19,304,6.0
1630,1842,Religion,56,304,18.0
1631,1842,Sectionalism,6,304,2.0
1632,1842,Seminole Wars,3,304,1.0
1633,1842,Slave Trade,12,304,4.0
1634,1842,Slavery and Enslaved Persons,17,304,6.0
1635,1842,Smithsonian Institution,23,304,8.0
1636,1842,States Rights,1,304,0.0
1637,1842,Supreme Court,3,304,1.0
1638,1842,Temperance Movement,9,304,3.0
1639,1842,Territorial Expansion,1,304,0.0
1640,1842,Texas Annexation,4,304,1.0
1641,1842,Treaty of Ghent,1,304,0.0
1642,1842,US Constitution,4,304,1.0
1643,1842,War of 1812,1,304,0.0
1644,1842,Webster-Ashburton Treaty,6,304,2.0
1645,1842,Whig Party,32,304,11.0
1646,1843,African Americans,28,711,4.0
1647,1843,American Revolution,10,711,1.0
1648,1843,Amistad,2,711,0.0
1649,1843,Anti-Slavery Movements,12,711,2.0
1650,1843,Anti-Slavery Petitions,7,711,1.0
1651,1843,Canals,5,711,1.0
1652,1843,Colonization Movements,2,711,0.0
1653,1843,Democratic Party,7,711,1.0
1654,1843,Diplomacy,10,711,1.0
1655,1843,Dueling,2,711,0.0
1656,1843,Elections,7,711,1.0
1657,1843,Emancipation,2,711,0.0
1658,1843,Embargo,1,711,0.0
1659,1843,Family Finances (Adams Family),22,711,3.0
1660,1843,Family Relations (Adams Family),16,711,2.0
1661,1843,Foreign Relations,42,711,6.0
1662,1843,Fugitive Slave Laws,1,711,0.0
1663,1843,Gag Rule,13,711,2.0
1664,1843,Health and Illness,89,711,13.0
1665,1843,Indian Removal,1,711,0.0
1666,1843,Internal Improvements,1,711,0.0
1667,1843,International,12,711,2.0
1668,1843,Mexican War of Independence,1,711,0.0
1669,1843,Napoleonic Wars,1,711,0.0
1670,1843,National Nominating Conventions,1,711,0.0
1671,1843,Native Americans,25,711,4.0
1672,1843,Northwest Ordinance,1,711,0.0
1673,1843,Oregon Country,10,711,1.0
1674,1843,Presidential 1844,7,711,1.0
1675,1843,Press,62,711,9.0
1676,1843,Railroads,19,711,3.0
1677,1843,Recreation,36,711,5.0
1678,1843,Religion,69,711,10.0
1679,1843,Science and Technology,9,711,1.0
1680,1843,Slave Trade,13,711,2.0
1681,1843,Slavery and Enslaved Persons,30,711,4.0
1682,1843,Smithsonian Institution,6,711,1.0
1683,1843,States Rights,1,711,0.0
1684,1843,Steam Power,16,711,2.0
1685,1843,Supreme Court,1,711,0.0
1686,1843,Temperance Movement,10,711,1.0
1687,1843,Territorial Expansion,1,711,0.0
1688,1843,Texas Annexation,15,711,2.0
1689,1843,Texas Revolution and Independence,1,711,0.0
1690,1843,Travel and Touring,12,711,2.0
1691,1843,Treaty of Ghent,1,711,0.0
1692,1843,US Constitution,7,711,1.0
1693,1843,Unitarianism,5,711,1.0
1694,1843,War of 1812,11,711,2.0
1695,1843,Webster-Ashburton Treaty,24,711,3.0
1696,1843,Whig Party,24,711,3.0
1697,1844,Adams-Onis Treaty,5,803,1.0
1698,1844,African Americans,17,803,2.0
1699,1844,American Revolution,10,803,1.0
1700,1844,Amistad,7,803,1.0
1701,1844,Anti-Slavery Movements,9,803,1.0
1702,1844,Anti-Slavery Petitions,5,803,1.0
1703,1844,Boylston Professor of Rhetoric and Oratory,1,803,0.0
1704,1844,Canals,1,803,0.0
1705,1844,Church of Jesus Christ of Latter-day Saints,4,803,0.0
1706,1844,Colonization Movements,2,803,0.0
1707,1844,Corrupt Bargain,2,803,0.0
1708,1844,Courtship and Marriage of JQA and LCA,1,803,0.0
1709,1844,Democratic Party,21,803,3.0
1710,1844,Diplomacy,10,803,1.0
1711,1844,Dueling,6,803,1.0
1712,1844,Elections,30,803,4.0
1713,1844,Family Finances (Adams Family),47,803,6.0
1714,1844,Family Relations (Adams Family),19,803,2.0
1715,1844,Family Residences (Adams Family),5,803,1.0
1716,1844,Florida Annexation,9,803,1.0
1717,1844,Foreign Relations,21,803,3.0
1718,1844,Fugitive Slave Laws,3,803,0.0
1719,1844,Gag Rule,26,803,3.0
1720,1844,Health and Illness,59,803,7.000000000000001
1721,1844,Internal Improvements,9,803,1.0
1722,1844,Louisiana Purchase,4,803,0.0
1723,1844,Native Americans,9,803,1.0
1724,1844,Northwest Ordinance,1,803,0.0
1725,1844,Oregon Country,18,803,2.0
1726,1844,Pinckney's Treaty,1,803,0.0
1727,1844,Presidential 1844,30,803,4.0
1728,1844,Press,72,803,9.0
1729,1844,Railroads,15,803,2.0
1730,1844,Recreation,40,803,5.0
1731,1844,Reform Movements,1,803,0.0
1732,1844,Religion,61,803,8.0
1733,1844,Science and Technology,5,803,1.0
1734,1844,Seminole Wars,1,803,0.0
1735,1844,Slavery and Enslaved Persons,21,803,3.0
1736,1844,Smithsonian Institution,17,803,2.0
1737,1844,Steam Power,10,803,1.0
1738,1844,Supreme Court,6,803,1.0
1739,1844,Temperance Movement,3,803,0.0
1740,1844,Territorial Expansion,1,803,0.0
1741,1844,Texas Annexation,65,803,8.0
1742,1844,US Constitution,3,803,0.0
1743,1844,Unitarianism,1,803,0.0
1744,1844,Utopian Communities,6,803,1.0
1745,1844,War of 1812,4,803,0.0
1746,1844,Webster-Ashburton Treaty,6,803,1.0
1747,1844,Whig Party,73,803,9.0
1748,1845,Adams-Onis Treaty,1,589,0.0
1749,1845,African Americans,5,589,1.0
1750,1845,American Revolution,11,589,2.0
1751,1845,Amistad,8,589,1.0
1752,1845,Anglo-American Definitive Peace Treaty,2,589,0.0
1753,1845,Anti-Slavery Movements,3,589,1.0
1754,1845,Anti-Slavery Petitions,2,589,0.0
1755,1845,Boylston Professor of Rhetoric and Oratory,2,589,0.0
1756,1845,Canals,2,589,0.0
1757,1845,Colonization Movements,1,589,0.0
1758,1845,Courtship and Marriage of JQA and LCA,2,589,0.0
1759,1845,Democratic Party,9,589,2.0
1760,1845,Diplomacy,12,589,2.0
1761,1845,Dueling,6,589,1.0
1762,1845,Elections,3,589,1.0
1763,1845,Family Finances (Adams Family),21,589,4.0
1764,1845,Family Relations (Adams Family),7,589,1.0
1765,1845,Family Residences (Adams Family),6,589,1.0
1766,1845,Federalist Party,2,589,0.0
1767,1845,Foreign Relations,12,589,2.0
1768,1845,Gag Rule,7,589,1.0
1769,1845,Hartford Convention,1,589,0.0
1770,1845,Health and Illness,94,589,16.0
1771,1845,Internal Improvements,7,589,1.0
1772,1845,Jay Treaty,1,589,0.0
1773,1845,Louisiana Purchase,2,589,0.0
1774,1845,Native Americans,9,589,2.0
1775,1845,Oregon Country,20,589,3.0
1776,1845,Presidential 1820,1,589,0.0
1777,1845,Presidential 1824,1,589,0.0
1778,1845,Presidential 1844,1,589,0.0
1779,1845,Press,29,589,5.0
1780,1845,Railroads,18,589,3.0
1781,1845,Recreation,45,589,8.0
1782,1845,Reform Movements,1,589,0.0
1783,1845,Religion,58,589,10.0
1784,1845,Science and Technology,13,589,2.0
1785,1845,Seminole Wars,1,589,0.0
1786,1845,Slave Trade,12,589,2.0
1787,1845,Slavery and Enslaved Persons,32,589,5.0
1788,1845,Smithsonian Institution,13,589,2.0
1789,1845,Steam Power,15,589,3.0
1790,1845,Supreme Court,3,589,1.0
1791,1845,Temperance Movement,5,589,1.0
1792,1845,Territorial Expansion,5,589,1.0
1793,1845,Texas Annexation,44,589,7.000000000000001
1794,1845,Treaty of Ghent,2,589,0.0
1795,1845,US Constitution,3,589,1.0
1796,1845,Unitarianism,10,589,2.0
1797,1845,War of 1812,3,589,1.0
1798,1845,Webster-Ashburton Treaty,4,589,1.0
1799,1845,Whig Party,12,589,2.0
1800,1846,Adams-Onis Treaty,2,365,1.0
1801,1846,African Americans,3,365,1.0
1802,1846,American Party,2,365,1.0
1803,1846,American Revolution,6,365,2.0
1804,1846,Anti-Slavery Movements,3,365,1.0
1805,1846,Anti-Slavery Petitions,1,365,0.0
1806,1846,Democratic Party,7,365,2.0
1807,1846,Dueling,1,365,0.0
1808,1846,Elections,1,365,0.0
1809,1846,Family Finances (Adams Family),7,365,2.0
1810,1846,French Revolution,1,365,0.0
1811,1846,Hartford Convention,1,365,0.0
1812,1846,Health and Illness,23,365,6.0
1813,1846,Internal Improvements,14,365,4.0
1814,1846,Louisiana Purchase,2,365,1.0
1815,1846,Mexican War,38,365,10.0
1816,1846,Native Americans,20,365,5.0
1817,1846,Oregon Country,55,365,15.0
1818,1846,Presidential 1844,1,365,0.0
1819,1846,Railroads,1,365,0.0
1820,1846,Recreation,14,365,4.0
1821,1846,Reform Movements,1,365,0.0
1822,1846,Religion,84,365,23.0
1823,1846,Seminole Wars,1,365,0.0
1824,1846,Slave Trade,4,365,1.0
1825,1846,Slavery and Enslaved Persons,7,365,2.0
1826,1846,Smithsonian Institution,17,365,5.0
1827,1846,Spoils System,1,365,0.0
1828,1846,Supreme Court,1,365,0.0
1829,1846,Temperance Movement,3,365,1.0
1830,1846,Territorial Expansion,1,365,0.0
1831,1846,Texas Annexation,9,365,2.0
1832,1846,Transcendentalism,1,365,0.0
1833,1846,Treaty of Ghent,2,365,1.0
1834,1846,US Constitution,3,365,1.0
1835,1846,War of 1812,4,365,1.0
1836,1846,Webster-Ashburton Treaty,5,365,1.0
1837,1846,Whig Party,16,365,4.0
1838,1846,Wilmot Proviso,2,365,1.0
1839,1847,African Americans,3,284,1.0
1840,1847,American Revolution,5,284,2.0
1841,1847,Amistad,1,284,0.0
1842,1847,Anti-Slavery Petitions,1,284,0.0
1843,1847,Diplomacy,1,284,0.0
1844,1847,Elections,2,284,1.0
1845,1847,Emancipation,1,284,0.0
1846,1847,Family Finances (Adams Family),29,284,10.0
1847,1847,Family Relations (Adams Family),3,284,1.0
1848,1847,Family Residences (Adams Family),8,284,3.0
1849,1847,Health and Illness,38,284,13.0
1850,1847,Internal Improvements,1,284,0.0
1851,1847,Mexican War,8,284,3.0
1852,1847,Native Americans,1,284,0.0
1853,1847,Presidential 1848,2,284,1.0
1854,1847,Press,6,284,2.0
1855,1847,Railroads,14,284,5.0
1856,1847,Recreation,82,284,28.999999999999996
1857,1847,Religion,32,284,11.0
1858,1847,Science and Technology,7,284,2.0
1859,1847,Slavery and Enslaved Persons,5,284,2.0
1860,1847,Smithsonian Institution,4,284,1.0
1861,1847,Steam Power,7,284,2.0
1862,1847,Temperance Movement,1,284,0.0
1863,1847,Unitarianism,10,284,4.0
1864,1847,War of 1812,1,284,0.0
1865,1847,Webster-Ashburton Treaty,2,284,1.0
1866,1847,Whig Party,9,284,3.0
1867,1848,Mexican War,1,2,50.0
1868,1848,Religion,1,2,50.0
